GivenName,Surname,Office,Department
Carl,Grimes,Woodbury,Facilities
Judith,Grimes,Woodbury,Facilities
Lori,Grimes,Woodbury,Facilities
Rick,Grimes,Woodbury,Farming
Dale,Horvath,Woodbury,Farming
Carol,Peletier,Woodbury,Defense
Sophia,Peletier,Woodbury,Defense
Glenn,Rhee,Woodbury,Defense
Shane,Walsh,The Sanctuary,Facilities
Arnold,Greene,The Sanctuary,Facilities
Billy,Greene,The Sanctuary,Facilities
Hershel,Greene,The Sanctuary,Farming
Lacey,Greene,The Sanctuary,Farming
Maggie,Greene,The Sanctuary,Farming
Rachel,Greene,The Sanctuary,Farming
Susie,Greene,The Sanctuary,Farming
Shawn,Greene,The Sanctuary,Farming
Thomas,Richards,The Sanctuary,Defense
Rosita,Espinosa,The Sanctuary,Defense
Abraham,Ford,The Sanctuary,Defense
Duane,Jones,The Sanctuary,Farming
Morgan,Jones,The Sanctuary,Farming
Eugene,Porter,The Prison,Farming
Gabruel,Stokes,The Prison,Farming
Lilly,Caul,The Prison,Farming
Bruce,Cooper,The Prison,Facilities
Caesar,Martinez,The Prison,Facilities
Jessie,Anderson,The Prison,Facilities
Pete,Anderson,The Prison,Facilities
Ron,Anderson,The Prison,Facilities
Denise,Cloyd,The Prison,Defense
Douglas,Monroe,The Prison,Defense
Spencer,Monroe,The Prison,Defense
Paul,Monroe,The Prison,Defense
Earl,Sutton,The Prison,Defense
